{
  "similarity": {
    "pairs": [
      {
        "text1": "人工智慧正在改變工作流程，許多重複性工作被自動化。",
        "text2": "AI 技術讓企業能自動處理繁瑣的行政工作。",
        "label": 1,
        "tfidf_score": 0.18778539845810965,
        "gpt_score": 0.575821991650991
      },
      {
        "text1": "今天的天氣很好，適合出去運動。",
        "text2": "我打算晚上去跑步和做重量訓練。",
        "label": 1,
        "tfidf_score": 0.06759317166168627,
        "gpt_score": 0.46310813771749443
      },
      {
        "text1": "這家餐廳的牛肉麵很好吃，下次還想再來。",
        "text2": "這次的會議討論了雲端架構的設計與維運。",
        "label": 0,
        "tfidf_score": 0.14646232447572574,
        "gpt_score": 0.27309707112328513
      },
      {
        "text1": "機器學習模型需要大量數據來訓練。",
        "text2": "我最近開始學做甜點，覺得烘焙很療癒。",
        "label": 0,
        "tfidf_score": 0.06335481222196541,
        "gpt_score": 0.21474657498111913
      }
    ],
    "tfidf": {
      "accuracy": 0.5,
      "time_sec": 0.0030975420013419352,
      "extra": {
        "threshold": 0.3,
        "scores": [
          0.18778539845810965,
          0.06759317166168627,
          0.14646232447572574,
          0.06335481222196541
        ]
      }
    },
    "gpt": {
      "accuracy": 0.5,
      "time_sec": 5.3542729999971925,
      "extra": {
        "threshold": 0.7,
        "scores": [
          0.575821991650991,
          0.46310813771749443,
          0.27309707112328513,
          0.21474657498111913
        ]
      }
    }
  },
  "classification": {
    "rule_based": {
      "accuracy_sentiment": 0.8,
      "accuracy_topic": 0.8,
      "time_sec": 0.0002461670010234229
    },
    "gpt": {
      "accuracy_sentiment": 0.8,
      "accuracy_topic": 0.8,
      "time_sec": 5.816083207999327
    }
  },
  "summarization": {
    "statistical": {
      "time_sec": 0.3060127909993753
    },
    "gpt": {
      "time_sec": 6.001045499997417
    },
    "note": "資訊保留度與語句通順度請參考 summarization_comparison.txt 進行人工評分。"
  }
}